{
  "manifest": {
    "apis": {
      "custom": {
        "endpoint": {
          "uri": "arn:aws:lambda:eu-west-1:570058558584:function:1228664e-edc7-4b7f-876d-d20e7b4a2bf4:Release_0"
        },
        "interfaces": [],
        "regions": {
          "NA": {
            "endpoint": {
              "uri": "arn:aws:lambda:us-east-1:570058558584:function:1228664e-edc7-4b7f-876d-d20e7b4a2bf4:Release_0"
            }
          },
          "EU": {
            "endpoint": {
              "uri": "arn:aws:lambda:eu-west-1:570058558584:function:1228664e-edc7-4b7f-876d-d20e7b4a2bf4:Release_0"
            }
          },
          "FE": {
            "endpoint": {
              "uri": "arn:aws:lambda:us-west-2:570058558584:function:1228664e-edc7-4b7f-876d-d20e7b4a2bf4:Release_0"
            }
          }
        }
      }
    },
    "manifestVersion": "1.0",
    "publishingInformation": {
      "category": "KNOWLEDGE_AND_TRIVIA",
      "distributionCountries": [],
      "isAvailableWorldwide": true,
      "locales": {
        "it-IT": {
          "name": "gruppo3"
        }
      },
      "testingInstructions": "Sample Testing Instructions."
    }
  }
}